Feature,Score
proline,207.92037390217814
od280/od315_of_diluted_wines,189.97232057888945
alcohol,135.07762424279926
color_intensity,120.6640184410032
hue,101.31679539029994
malic_acid,36.94342496318364
alcalinity_of_ash,35.77163740730925
proanthocyanins,30.271383170227622
nonflavanoid_phenols,27.575417146965872
ash,13.312901199991027
magnesium,12.429584338149885
