Feature,Score
proline,241.55278784085908
alcohol,157.89721542265193
hue,150.53598860312286
color_intensity,131.50420890646436
alcalinity_of_ash,48.22244728795509
proanthocyanins,48.14889546819497
malic_acid,44.561469372386696
nonflavanoid_phenols,38.75555709226973
magnesium,15.552373499341074
ash,14.633124598865958
