Feature,Score
proline,233.91838536582202
alcohol,162.28743401471016
hue,145.8821374312291
color_intensity,139.45628115622696
malic_acid,50.03773529801936
alcalinity_of_ash,48.20828605032221
nonflavanoid_phenols,46.66936548968485
proanthocyanins,43.76754437414686
magnesium,16.890418447426036
ash,16.72355403600946
