Feature,Score
proline,250.84356727740285
alcohol,158.1666685912087
hue,149.4419054910194
color_intensity,138.5218494262136
malic_acid,54.68217556188283
proanthocyanins,50.09046456550799
alcalinity_of_ash,47.25599756874259
nonflavanoid_phenols,37.825548747329925
ash,16.474498609329622
magnesium,15.368994391453507
